event,slug,start_date,sponsor,prize_usd
Open Agents,openagents,2026-05-06,0G,15000
Open Agents,openagents,2026-05-06,Uniswap Foundation,5000
Open Agents,openagents,2026-05-06,Gensyn,5000
Open Agents,openagents,2026-05-06,ENS,5000
Open Agents,openagents,2026-05-06,KeeperHub,5000
ETHGlobal Cannes 2026,cannes2026,2026-04-03,World,20000
ETHGlobal Cannes 2026,cannes2026,2026-04-03,0G,15000
ETHGlobal Cannes 2026,cannes2026,2026-04-03,Arc,15000
ETHGlobal Cannes 2026,cannes2026,2026-04-03,Hedera,15000
ETHGlobal Cannes 2026,cannes2026,2026-04-03,ENS,10000
ETHGlobal Cannes 2026,cannes2026,2026-04-03,Uniswap Foundation,10000
ETHGlobal Cannes 2026,cannes2026,2026-04-03,Flare,10000
ETHGlobal Cannes 2026,cannes2026,2026-04-03,Ledger,10000
ETHGlobal Cannes 2026,cannes2026,2026-04-03,Chainlink,7000
ETHGlobal Cannes 2026,cannes2026,2026-04-03,WalletConnect,5000
ETHGlobal Cannes 2026,cannes2026,2026-04-03,Unlink,5000
ETHGlobal Cannes 2026,cannes2026,2026-04-03,Dynamic,5000
HackMoney 2026,hackmoney2026,2026-02-11,Yellow,15000
HackMoney 2026,hackmoney2026,2026-02-11,Uniswap Foundation,10000
HackMoney 2026,hackmoney2026,2026-02-11,Sui,10000
HackMoney 2026,hackmoney2026,2026-02-11,Arc,10000
HackMoney 2026,hackmoney2026,2026-02-11,LI.FI,6000
HackMoney 2026,hackmoney2026,2026-02-11,ENS,5000
ETHGlobal Buenos Aires,buenosaires,2025-11-21,LayerZero,20000
ETHGlobal Buenos Aires,buenosaires,2025-11-21,Pyth Network,20000
ETHGlobal Buenos Aires,buenosaires,2025-11-21,1inch,20000
ETHGlobal Buenos Aires,buenosaires,2025-11-21,World,20000
ETHGlobal Buenos Aires,buenosaires,2025-11-21,Uniswap Foundation,20000
ETHGlobal Buenos Aires,buenosaires,2025-11-21,Coinbase Developer Platform,20000
ETHGlobal Buenos Aires,buenosaires,2025-11-21,Filecoin,20000
ETHGlobal Buenos Aires,buenosaires,2025-11-21,Protocol Labs,20000
ETHGlobal Buenos Aires,buenosaires,2025-11-21,EVVM,18250
ETHGlobal Buenos Aires,buenosaires,2025-11-21,Chainlink,15000
ETHGlobal Buenos Aires,buenosaires,2025-11-21,Chiliz,10000
ETHGlobal Buenos Aires,buenosaires,2025-11-21,Oasis Protocol,10000
ETHGlobal Buenos Aires,buenosaires,2025-11-21,Zircuit,10000
ETHGlobal Buenos Aires,buenosaires,2025-11-21,Nethermind,10000
ETHGlobal Buenos Aires,buenosaires,2025-11-21,Flare Network,10000
ETHGlobal Buenos Aires,buenosaires,2025-11-21,Hedera,10000
ETHGlobal Buenos Aires,buenosaires,2025-11-21,Ledger,10000
ETHGlobal Buenos Aires,buenosaires,2025-11-21,Polygon,10000
ETHGlobal Buenos Aires,buenosaires,2025-11-21,Circle,10000
ETHGlobal Buenos Aires,buenosaires,2025-11-21,ENS,10000
ETHGlobal Buenos Aires,buenosaires,2025-11-21,Saga,10000
ETHGlobal Buenos Aires,buenosaires,2025-11-21,Yellow,10000
ETHGlobal Buenos Aires,buenosaires,2025-11-21,Hyperlane,10000
ETHGlobal Buenos Aires,buenosaires,2025-11-21,Hardhat,10000
ETHGlobal Buenos Aires,buenosaires,2025-11-21,Celo,10000
ETHGlobal Buenos Aires,buenosaires,2025-11-21,Citrea,10000
ETHGlobal Buenos Aires,buenosaires,2025-11-21,The Graph,10000
ETHGlobal Buenos Aires,buenosaires,2025-11-21,Symbiotic,10000
ETHGlobal Buenos Aires,buenosaires,2025-11-21,0G,10000
ETHGlobal Buenos Aires,buenosaires,2025-11-21,Octav,10000
ETHGlobal Buenos Aires,buenosaires,2025-11-21,vlayer,10000
ETHGlobal Buenos Aires,buenosaires,2025-11-21,Self,10000
ETHGlobal Buenos Aires,buenosaires,2025-11-21,Anchorage Digital,8750
ETHGlobal Buenos Aires,buenosaires,2025-11-21,Avail,6500
ETHGlobal Buenos Aires,buenosaires,2025-11-21,Fluence,6000
ETHGlobal Buenos Aires,buenosaires,2025-11-21,Ethereum Foundation,6000
ETHGlobal Buenos Aires,buenosaires,2025-11-21,Circles,5000
ETHGlobal Buenos Aires,buenosaires,2025-11-21,Rootstock,5000
ETHGlobal Buenos Aires,buenosaires,2025-11-21,Aztec,5000
ETHGlobal Buenos Aires,buenosaires,2025-11-21,Privy,5000
ETHGlobal Buenos Aires,buenosaires,2025-11-21,Ronin,5000
ETHGlobal Buenos Aires,buenosaires,2025-11-21,sqd,5000
ETHGlobal Buenos Aires,buenosaires,2025-11-21,XMTP,5000
ETHGlobal Buenos Aires,buenosaires,2025-11-21,Espresso,4000
ETHGlobal Buenos Aires,buenosaires,2025-11-21,Babylon Labs,2500
ETHGlobal Buenos Aires,buenosaires,2025-11-21,Curvegrid,2000
ETHOnline 2025,ethonline2025,2025-10-10,Avail,10000
ETHOnline 2025,ethonline2025,2025-10-10,Blockscout,10000
ETHOnline 2025,ethonline2025,2025-10-10,PayPal USD,10000
ETHOnline 2025,ethonline2025,2025-10-10,Hedera,10000
ETHOnline 2025,ethonline2025,2025-10-10,Artificial Superintelligence Alliance,10000
ETHOnline 2025,ethonline2025,2025-10-10,Envio,5000
ETHOnline 2025,ethonline2025,2025-10-10,Lit Protocol,5000
ETHOnline 2025,ethonline2025,2025-10-10,Pyth,5000
ETHOnline 2025,ethonline2025,2025-10-10,Hardhat,5000
ETHOnline 2025,ethonline2025,2025-10-10,Arcology,5000
ETHOnline 2025,ethonline2025,2025-10-10,Yellow,5000
ETHOnline 2025,ethonline2025,2025-10-10,Lighthouse,1000
ETHOnline 2025,ethonline2025,2025-10-10,EVVM,1000
ETHGlobal New Delhi,newdelhi,2025-09-26,1inch,18000
ETHGlobal New Delhi,newdelhi,2025-09-26,Rootstock,10000
ETHGlobal New Delhi,newdelhi,2025-09-26,Flow,10000
ETHGlobal New Delhi,newdelhi,2025-09-26,Pyth Network,10000
ETHGlobal New Delhi,newdelhi,2025-09-26,Hedera,10000
ETHGlobal New Delhi,newdelhi,2025-09-26,Polygon,10000
ETHGlobal New Delhi,newdelhi,2025-09-26,ENS,10000
ETHGlobal New Delhi,newdelhi,2025-09-26,World,10000
ETHGlobal New Delhi,newdelhi,2025-09-26,Uniswap Foundation,10000
ETHGlobal New Delhi,newdelhi,2025-09-26,Filecoin,10000
ETHGlobal New Delhi,newdelhi,2025-09-26,Citrea,10000
ETHGlobal New Delhi,newdelhi,2025-09-26,The Graph,10000
ETHGlobal New Delhi,newdelhi,2025-09-26,Artificial Superintelligence Alliance,10000
ETHGlobal New Delhi,newdelhi,2025-09-26,Paypal,10000
ETHGlobal New Delhi,newdelhi,2025-09-26,0G,10000
ETHGlobal New Delhi,newdelhi,2025-09-26,Self,10000
ETHGlobal New Delhi,newdelhi,2025-09-26,Fluence,5000
ETHGlobal New Delhi,newdelhi,2025-09-26,Kadena,5000
ETHGlobal New Delhi,newdelhi,2025-09-26,Ethereum Foundation,5000
ETHGlobal New Delhi,newdelhi,2025-09-26,Walrus,5000
ETHGlobal New Delhi,newdelhi,2025-09-26,Integra,1000
ETHGlobal New York 2025,newyork2025,2025-08-15,LayerZero,20000
ETHGlobal New York 2025,newyork2025,2025-08-15,Flow,20000
ETHGlobal New York 2025,newyork2025,2025-08-15,Coinbase Developer Platform,20000
ETHGlobal New York 2025,newyork2025,2025-08-15,ENS,11000
ETHGlobal New York 2025,newyork2025,2025-08-15,Zircuit,10000
ETHGlobal New York 2025,newyork2025,2025-08-15,Chainlink,10000
ETHGlobal New York 2025,newyork2025,2025-08-15,Flare Network,10000
ETHGlobal New York 2025,newyork2025,2025-08-15,Hedera,10000
ETHGlobal New York 2025,newyork2025,2025-08-15,Circle,10000
ETHGlobal New York 2025,newyork2025,2025-08-15,Uniswap Foundation,10000
ETHGlobal New York 2025,newyork2025,2025-08-15,Walrus,10000
ETHGlobal New York 2025,newyork2025,2025-08-15,PayPal USD,10000
ETHGlobal New York 2025,newyork2025,2025-08-15,The Graph,10000
ETHGlobal New York 2025,newyork2025,2025-08-15,Chiliz,10000
ETHGlobal New York 2025,newyork2025,2025-08-15,katana,10000
ETHGlobal New York 2025,newyork2025,2025-08-15,Hyperlane,10000
ETHGlobal New York 2025,newyork2025,2025-08-15,Artificial Superintelligence Alliance,10000
ETHGlobal New York 2025,newyork2025,2025-08-15,OpenSea,10000
ETHGlobal New York 2025,newyork2025,2025-08-15,Dynamic,9999
ETHGlobal New York 2025,newyork2025,2025-08-15,Ledger,6000
ETHGlobal New York 2025,newyork2025,2025-08-15,Privy,5000
ETHGlobal New York 2025,newyork2025,2025-08-15,Saga,5000
ETHGlobal New York 2025,newyork2025,2025-08-15,Hardhat,5000
ETHGlobal New York 2025,newyork2025,2025-08-15,Gemini,5000
ETHGlobal New York 2025,newyork2025,2025-08-15,Fern,5000
ETHGlobal New York 2025,newyork2025,2025-08-15,Nora,5000
ETHGlobal New York 2025,newyork2025,2025-08-15,Lit Protocol,3500
Unite Defi,unite,2025-08-08,1inch,500000
Unite Defi,unite,2025-08-08,Etherlink,10000
Unite Defi,unite,2025-08-08,Stellar,10000
Unite Defi,unite,2025-08-08,NEAR,6000
ETHGlobal Cannes 2026,cannes,2026-04-03,World,20000
ETHGlobal Cannes 2026,cannes,2026-04-03,0G,15000
ETHGlobal Cannes 2026,cannes,2026-04-03,Arc,15000
ETHGlobal Cannes 2026,cannes,2026-04-03,Hedera,15000
ETHGlobal Cannes 2026,cannes,2026-04-03,ENS,10000
ETHGlobal Cannes 2026,cannes,2026-04-03,Uniswap Foundation,10000
ETHGlobal Cannes 2026,cannes,2026-04-03,Flare,10000
ETHGlobal Cannes 2026,cannes,2026-04-03,Ledger,10000
ETHGlobal Cannes 2026,cannes,2026-04-03,Chainlink,7000
ETHGlobal Cannes 2026,cannes,2026-04-03,WalletConnect,5000
ETHGlobal Cannes 2026,cannes,2026-04-03,Unlink,5000
ETHGlobal Cannes 2026,cannes,2026-04-03,Dynamic,5000
ETHGlobal Prague,prague,2025-06-01,Blockscout,20000
ETHGlobal Prague,prague,2025-06-01,1inch,20000
ETHGlobal Prague,prague,2025-06-01,LayerZero,10000
ETHGlobal Prague,prague,2025-06-01,Flow,10000
ETHGlobal Prague,prague,2025-06-01,Pyth Network,10000
ETHGlobal Prague,prague,2025-06-01,Flare Network,10000
ETHGlobal Prague,prague,2025-06-01,Hedera,10000
ETHGlobal Prague,prague,2025-06-01,vlayer,10000
ETHGlobal Prague,prague,2025-06-01,World,10000
ETHGlobal Prague,prague,2025-06-01,Rootstock,10000
ETHGlobal Prague,prague,2025-06-01,Yellow,10000
ETHGlobal Prague,prague,2025-06-01,Beraborrow,5000
ETHGlobal Prague,prague,2025-06-01,Protocol Labs,5000
ETHGlobal Prague,prague,2025-06-01,Hardhat,1
ETHGlobal Taipei,taipei,2025-04-04,1inch,20000
ETHGlobal Taipei,taipei,2025-04-04,World,20000
ETHGlobal Taipei,taipei,2025-04-04,Rootstock,10000
ETHGlobal Taipei,taipei,2025-04-04,Nodit,10000
ETHGlobal Taipei,taipei,2025-04-04,Polygon,10000
ETHGlobal Taipei,taipei,2025-04-04,Circle,10000
ETHGlobal Taipei,taipei,2025-04-04,ENS,10000
ETHGlobal Taipei,taipei,2025-04-04,HashKey Chain,10000
ETHGlobal Taipei,taipei,2025-04-04,Hyperlane,10000
ETHGlobal Taipei,taipei,2025-04-04,Celo,10000
ETHGlobal Taipei,taipei,2025-04-04,Citrea,10000
ETHGlobal Taipei,taipei,2025-04-04,Self Protocol,10000
ETHGlobal Taipei,taipei,2025-04-04,Flow,9000
ETHGlobal Taipei,taipei,2025-04-04,Zircuit,5000
ETHGlobal Taipei,taipei,2025-04-04,Curvegrid,5000
ETHGlobal Taipei,taipei,2025-04-04,Uniswap Foundation,5000
ETHGlobal Taipei,taipei,2025-04-04,Saga,5000
ETHGlobal Taipei,taipei,2025-04-04,Metal,5000
ETHGlobal Trifecta,trifecta,2025-03-20,ETHGlobal,37500
ETHGlobal Trifecta,trifecta,2025-03-20,Recall Network,5000
ETHGlobal Trifecta,trifecta,2025-03-20,Nethermind,5000
ETHGlobal Trifecta,trifecta,2025-03-20,Aztec,2500
ETHGlobal Trifecta,trifecta,2025-03-20,Brevis,2500
ETHGlobal Trifecta,trifecta,2025-03-20,Aleo,2500
ETHGlobal Trifecta,trifecta,2025-03-20,Succinct,2500
ETHGlobal Trifecta,trifecta,2025-03-20,Nillion,2500
ETHGlobal Trifecta,trifecta,2025-03-20,Autonome,2500
ETHGlobal Trifecta,trifecta,2025-03-20,Coinbase Developer Platform,2500
ETHGlobal Trifecta,trifecta,2025-03-20,0G,2500
ETHGlobal Trifecta,trifecta,2025-03-20,Privy,2500
ETHGlobal Trifecta,trifecta,2025-03-20,t1 Protocol,2500
ETHGlobal Trifecta,trifecta,2025-03-20,ZK Email,2500
ETHGlobal Trifecta,trifecta,2025-03-20,Marlin,2500
Agentic Ethereum,agents,2025-02-14,Autonome,20000
Agentic Ethereum,agents,2025-02-14,Nethermind,20000
Agentic Ethereum,agents,2025-02-14,Coinbase Developer Platform,20000
Agentic Ethereum,agents,2025-02-14,EigenLayer,20000
Agentic Ethereum,agents,2025-02-14,Gaia and Collab.Land,10000
Agentic Ethereum,agents,2025-02-14,Arbitrum,10000
Agentic Ethereum,agents,2025-02-14,Base,10000
Agentic Ethereum,agents,2025-02-14,Flow,9000
Agentic Ethereum,agents,2025-02-14,Warden Protocol,5000
Agentic Ethereum,agents,2025-02-14,Covalent,5000
Agentic Ethereum,agents,2025-02-14,OpSec,5000
Agentic Ethereum,agents,2025-02-14,Privy,5000
Agentic Ethereum,agents,2025-02-14,The Graph,5000
Agentic Ethereum,agents,2025-02-14,Nillion,5000
Agentic Ethereum,agents,2025-02-14,Lit Protocol,1000
Agentic Ethereum,agents,2025-02-14,Crestal Network,1000
Agentic Ethereum,agents,2025-02-14,AWS,1000
Agentic Ethereum,agents,2025-02-14,CoopHive,1000
ETHGlobal Bangkok,bangkok,2024-11-15,Bitkub,20000
ETHGlobal Bangkok,bangkok,2024-11-15,Kinto,20000
ETHGlobal Bangkok,bangkok,2024-11-15,LayerZero,20000
ETHGlobal Bangkok,bangkok,2024-11-15,Pyth Network,20000
ETHGlobal Bangkok,bangkok,2024-11-15,World,20000
ETHGlobal Bangkok,bangkok,2024-11-15,Arbitrum,20000
ETHGlobal Bangkok,bangkok,2024-11-15,Uniswap Foundation,20000
ETHGlobal Bangkok,bangkok,2024-11-15,Blockscout,20000
ETHGlobal Bangkok,bangkok,2024-11-15,1inch,20000
ETHGlobal Bangkok,bangkok,2024-11-15,Chainlink,20000
ETHGlobal Bangkok,bangkok,2024-11-15,Protocol Labs,20000
ETHGlobal Bangkok,bangkok,2024-11-15,Polygon,20000
ETHGlobal Bangkok,bangkok,2024-11-15,Scroll,20000
ETHGlobal Bangkok,bangkok,2024-11-15,Mina Protocol,20000
ETHGlobal Bangkok,bangkok,2024-11-15,Sign Protocol,20000
ETHGlobal Bangkok,bangkok,2024-11-15,Flow Foundation,20000
ETHGlobal Bangkok,bangkok,2024-11-15,Coinbase Developer Platform,20000
ETHGlobal Bangkok,bangkok,2024-11-15,Avail,14000
ETHGlobal Bangkok,bangkok,2024-11-15,Nethermind,10000
ETHGlobal Bangkok,bangkok,2024-11-15,Dynamic,10000
ETHGlobal Bangkok,bangkok,2024-11-15,Chronicle Protocol,10000
ETHGlobal Bangkok,bangkok,2024-11-15,Chiliz,10000
ETHGlobal Bangkok,bangkok,2024-11-15,Push Protocol,10000
ETHGlobal Bangkok,bangkok,2024-11-15,Flare Network,10000
ETHGlobal Bangkok,bangkok,2024-11-15,ENS,10000
ETHGlobal Bangkok,bangkok,2024-11-15,Hyperlane,10000
ETHGlobal Bangkok,bangkok,2024-11-15,Celo,10000
ETHGlobal Bangkok,bangkok,2024-11-15,CoW DAO,10000
ETHGlobal Bangkok,bangkok,2024-11-15,Inco Network,10000
ETHGlobal Bangkok,bangkok,2024-11-15,Nillion,10000
ETHGlobal Bangkok,bangkok,2024-11-15,Zircuit,10000
ETHGlobal Bangkok,bangkok,2024-11-15,Neon EVM,10000
ETHGlobal Bangkok,bangkok,2024-11-15,The Graph,10000
ETHGlobal Bangkok,bangkok,2024-11-15,Base,10000
ETHGlobal Bangkok,bangkok,2024-11-15,Cartesi,10000
ETHGlobal Bangkok,bangkok,2024-11-15,Circle,10000
ETHGlobal Bangkok,bangkok,2024-11-15,XMTP,10000
ETHGlobal Bangkok,bangkok,2024-11-15,Phala Network,10000
ETHGlobal Bangkok,bangkok,2024-11-15,Mantle,10000
ETHGlobal Bangkok,bangkok,2024-11-15,Oasis Protocol,10000
ETHGlobal Bangkok,bangkok,2024-11-15,Ledger,10000
ETHGlobal Bangkok,bangkok,2024-11-15,Essential,10000
ETHGlobal Bangkok,bangkok,2024-11-15,Rootstock,10000
ETHGlobal Bangkok,bangkok,2024-11-15,Web3Auth,10000
ETHGlobal Bangkok,bangkok,2024-11-15,Rome Protocol,10000
ETHGlobal Bangkok,bangkok,2024-11-15,Brevis,10000
ETHGlobal Bangkok,bangkok,2024-11-15,vlayer Labs,10000
ETHGlobal Bangkok,bangkok,2024-11-15,Hedera,8500
ETHGlobal Bangkok,bangkok,2024-11-15,Biconomy,8000
ETHGlobal Bangkok,bangkok,2024-11-15,BitDSM,7000
ETHGlobal Bangkok,bangkok,2024-11-15,NEAR Protocol,6000
ETHGlobal Bangkok,bangkok,2024-11-15,Euler,5000
ETHGlobal Bangkok,bangkok,2024-11-15,Fhenix,5000
ETHGlobal Bangkok,bangkok,2024-11-15,Curvegrid,5000
ETHGlobal Bangkok,bangkok,2024-11-15,Arx Research,5000
ETHGlobal Bangkok,bangkok,2024-11-15,Liquity,5000
ETHGlobal Bangkok,bangkok,2024-11-15,Morph,5000
ETHGlobal Bangkok,bangkok,2024-11-15,Linea,5000
ETHGlobal Bangkok,bangkok,2024-11-15,Lit Protocol,5000
ETHGlobal Bangkok,bangkok,2024-11-15,PowerLoom,5000
ETHGlobal Bangkok,bangkok,2024-11-15,NounsDAO,5000
ETHGlobal Bangkok,bangkok,2024-11-15,Privy,5000
ETHGlobal Bangkok,bangkok,2024-11-15,Gnosis,4000
ETHGlobal Bangkok,bangkok,2024-11-15,Axelar,4000
ETHGlobal Bangkok,bangkok,2024-11-15,Blockless,1000
ETHGlobal Bangkok,bangkok,2024-11-15,Venn,1000
ETHGlobal Bangkok,bangkok,2024-11-15,Capsule,1000
ETHGlobal Bangkok,bangkok,2024-11-15,Kinode,1000
ETHGlobal Bangkok,bangkok,2024-11-15,Hyperbolic,1000
ETHGlobal San Francisco,sanfrancisco2024,2024-10-18,LayerZero,20000
ETHGlobal San Francisco,sanfrancisco2024,2024-10-18,SKALE Network,20000
ETHGlobal San Francisco,sanfrancisco2024,2024-10-18,Uniswap Foundation,20000
ETHGlobal San Francisco,sanfrancisco2024,2024-10-18,Polygon,20000
ETHGlobal San Francisco,sanfrancisco2024,2024-10-18,Story,20000
ETHGlobal San Francisco,sanfrancisco2024,2024-10-18,Sign Protocol,20000
ETHGlobal San Francisco,sanfrancisco2024,2024-10-18,AirDAO,20000
ETHGlobal San Francisco,sanfrancisco2024,2024-10-18,Flow,20000
ETHGlobal San Francisco,sanfrancisco2024,2024-10-18,Gnosis Chain,10000
ETHGlobal San Francisco,sanfrancisco2024,2024-10-18,The Graph,10000
ETHGlobal San Francisco,sanfrancisco2024,2024-10-18,Lit Protocol,10000
ETHGlobal San Francisco,sanfrancisco2024,2024-10-18,Circle,10000
ETHGlobal San Francisco,sanfrancisco2024,2024-10-18,XMTP,10000
ETHGlobal San Francisco,sanfrancisco2024,2024-10-18,Essential,10000
ETHGlobal San Francisco,sanfrancisco2024,2024-10-18,Coinbase Developer Platform,10000
ETHGlobal San Francisco,sanfrancisco2024,2024-10-18,Rootstock,10000
ETHGlobal San Francisco,sanfrancisco2024,2024-10-18,Hedera,10000
ETHGlobal San Francisco,sanfrancisco2024,2024-10-18,Walrus,10000
ETHGlobal San Francisco,sanfrancisco2024,2024-10-18,Chronicle Protocol,9500
ETHGlobal San Francisco,sanfrancisco2024,2024-10-18,Ledger,8750
ETHGlobal San Francisco,sanfrancisco2024,2024-10-18,Nethermind,8000
ETHGlobal San Francisco,sanfrancisco2024,2024-10-18,Dynamic,8000
ETHGlobal San Francisco,sanfrancisco2024,2024-10-18,ENS,7500
ETHGlobal San Francisco,sanfrancisco2024,2024-10-18,Unlimit,5000
ETHGlobal San Francisco,sanfrancisco2024,2024-10-18,Neon EVM,5000
ETHGlobal San Francisco,sanfrancisco2024,2024-10-18,Zircuit,5000
ETHGlobal San Francisco,sanfrancisco2024,2024-10-18,Morph,5000
ETHGlobal San Francisco,sanfrancisco2024,2024-10-18,Phala Network,5000
ETHGlobal San Francisco,sanfrancisco2024,2024-10-18,NounsDAO,5000
ETHGlobal San Francisco,sanfrancisco2024,2024-10-18,Alchemy,5000
ETHGlobal San Francisco,sanfrancisco2024,2024-10-18,Fhenix,5000
ETHGlobal San Francisco,sanfrancisco2024,2024-10-18,DELV,4500
ETHGlobal San Francisco,sanfrancisco2024,2024-10-18,NEAR Protocol,4000
ETHGlobal San Francisco,sanfrancisco2024,2024-10-18,Blockless,1650
ETHGlobal San Francisco,sanfrancisco2024,2024-10-18,Avail,1500
ETHGlobal San Francisco,sanfrancisco2024,2024-10-18,Privy,1000
ETHGlobal San Francisco,sanfrancisco2024,2024-10-18,Stackr,1000
ETHGlobal Singapore,singapore2024,2024-09-20,Worldcoin,20000
ETHGlobal Singapore,singapore2024,2024-09-20,Uniswap Foundation,20000
ETHGlobal Singapore,singapore2024,2024-09-20,1inch,20000
ETHGlobal Singapore,singapore2024,2024-09-20,Mina Protocol,20000
ETHGlobal Singapore,singapore2024,2024-09-20,Airdao,20000
ETHGlobal Singapore,singapore2024,2024-09-20,Sign Protocol,16000
ETHGlobal Singapore,singapore2024,2024-09-20,The Graph,11250
ETHGlobal Singapore,singapore2024,2024-09-20,Nethermind,10000
ETHGlobal Singapore,singapore2024,2024-09-20,NEAR Protocol,10000
ETHGlobal Singapore,singapore2024,2024-09-20,LayerZero,10000
ETHGlobal Singapore,singapore2024,2024-09-20,ENS,10000
ETHGlobal Singapore,singapore2024,2024-09-20,Hyperlane,10000
ETHGlobal Singapore,singapore2024,2024-09-20,Chainlink,10000
ETHGlobal Singapore,singapore2024,2024-09-20,Circle,10000
ETHGlobal Singapore,singapore2024,2024-09-20,Hedera,10000
ETHGlobal Singapore,singapore2024,2024-09-20,Rootstock,10000
ETHGlobal Singapore,singapore2024,2024-09-20,Oasis Protocol,10000
ETHGlobal Singapore,singapore2024,2024-09-20,Flow,10000
ETHGlobal Singapore,singapore2024,2024-09-20,Dynamic,9000
ETHGlobal Singapore,singapore2024,2024-09-20,Ethereum Foundation,7500
ETHGlobal Singapore,singapore2024,2024-09-20,Fhenix,5000
ETHGlobal Singapore,singapore2024,2024-09-20,Pyth Network,5000
ETHGlobal Singapore,singapore2024,2024-09-20,Reown,5000
ETHGlobal Singapore,singapore2024,2024-09-20,Morph,5000
ETHGlobal Singapore,singapore2024,2024-09-20,Phala Network,5000
ETHGlobal Singapore,singapore2024,2024-09-20,Metamask,5000
ETHGlobal Singapore,singapore2024,2024-09-20,NounsDAO,5000
ETHGlobal Singapore,singapore2024,2024-09-20,Ledger,5000
ETHGlobal Singapore,singapore2024,2024-09-20,Gaia,5000
ETHGlobal Singapore,singapore2024,2024-09-20,Gnosis Chain,2000
ETHGlobal Singapore,singapore2024,2024-09-20,Avail,1000
ETHOnline 2024,ethonline2024,2024-09-13,LayerZero,20000
ETHOnline 2024,ethonline2024,2024-09-13,Mina Protocol,20000
ETHOnline 2024,ethonline2024,2024-09-13,Sign Protocol,20000
ETHOnline 2024,ethonline2024,2024-09-13,Kinto,10000
ETHOnline 2024,ethonline2024,2024-09-13,Chiliz,10000
ETHOnline 2024,ethonline2024,2024-09-13,Chainlink,10000
ETHOnline 2024,ethonline2024,2024-09-13,XMTP,10000
ETHOnline 2024,ethonline2024,2024-09-13,Galadriel,10000
ETHOnline 2024,ethonline2024,2024-09-13,Rootstock,10000
ETHOnline 2024,ethonline2024,2024-09-13,Hedera,10000
ETHOnline 2024,ethonline2024,2024-09-13,Lit Protocol,7000
ETHOnline 2024,ethonline2024,2024-09-13,Fhenix,5000
ETHOnline 2024,ethonline2024,2024-09-13,Nillion,5000
ETHOnline 2024,ethonline2024,2024-09-13,SSV Network,5000
ETHOnline 2024,ethonline2024,2024-09-13,Tableland,5000
ETHOnline 2024,ethonline2024,2024-09-13,Morph,5000
ETHOnline 2024,ethonline2024,2024-09-13,DIMO,5000
ETHOnline 2024,ethonline2024,2024-09-13,Web3Auth,5000
ETHOnline 2024,ethonline2024,2024-09-13,Stackr Labs,5000
ETHOnline 2024,ethonline2024,2024-09-13,Envio,5000
ETHOnline 2024,ethonline2024,2024-09-13,Avail,4000
ETHOnline 2024,ethonline2024,2024-09-13,Blockless,1350
ETHOnline 2024,ethonline2024,2024-09-13,Nethermind,1000
Superhack 2024,superhack2024,2024-08-02,Optimism,24500
Superhack 2024,superhack2024,2024-08-02,Worldcoin,20000
Superhack 2024,superhack2024,2024-08-02,Base,20000
Superhack 2024,superhack2024,2024-08-02,Superform,10000
Superhack 2024,superhack2024,2024-08-02,Celo,10000
Superhack 2024,superhack2024,2024-08-02,EAS,10000
Superhack 2024,superhack2024,2024-08-02,Conduit,10000
Superhack 2024,superhack2024,2024-08-02,Pyth,10000
Superhack 2024,superhack2024,2024-08-02,Fraxtal,10000
Superhack 2024,superhack2024,2024-08-02,Metal L2,10000
Superhack 2024,superhack2024,2024-08-02,Blockscout,5000
Superhack 2024,superhack2024,2024-08-02,Chainlink,5000
Superhack 2024,superhack2024,2024-08-02,Mode,5000
Superhack 2024,superhack2024,2024-08-02,Tenderly,5000
Superhack 2024,superhack2024,2024-08-02,Goldsky,5000
Superhack 2024,superhack2024,2024-08-02,thirdweb,5000
Superhack 2024,superhack2024,2024-08-02,Farcaster,5000
Superhack 2024,superhack2024,2024-08-02,Alchemy,5000
ETHGlobal Brussels,brussels,2024-07-12,LayerZero,20000
ETHGlobal Brussels,brussels,2024-07-12,Worldcoin,20000
ETHGlobal Brussels,brussels,2024-07-12,Uniswap Foundation,20000
ETHGlobal Brussels,brussels,2024-07-12,Blockscout,20000
ETHGlobal Brussels,brussels,2024-07-12,Filecoin,20000
ETHGlobal Brussels,brussels,2024-07-12,Polygon,20000
ETHGlobal Brussels,brussels,2024-07-12,PancakeSwap,20000
ETHGlobal Brussels,brussels,2024-07-12,Arbitrum,20000
ETHGlobal Brussels,brussels,2024-07-12,Avail,18000
ETHGlobal Brussels,brussels,2024-07-12,Safe,10000
ETHGlobal Brussels,brussels,2024-07-12,Nethermind,10000
ETHGlobal Brussels,brussels,2024-07-12,NEAR Protocol,10000
ETHGlobal Brussels,brussels,2024-07-12,Chronicle Protocol,10000
ETHGlobal Brussels,brussels,2024-07-12,Flare Network,10000
ETHGlobal Brussels,brussels,2024-07-12,Pyth Network,10000
ETHGlobal Brussels,brussels,2024-07-12,Dynamic,10000
ETHGlobal Brussels,brussels,2024-07-12,ENS,10000
ETHGlobal Brussels,brussels,2024-07-12,ApeCoin,10000
ETHGlobal Brussels,brussels,2024-07-12,Celo,10000
ETHGlobal Brussels,brussels,2024-07-12,Inco Network,10000
ETHGlobal Brussels,brussels,2024-07-12,Zircuit,10000
ETHGlobal Brussels,brussels,2024-07-12,The Graph,10000
ETHGlobal Brussels,brussels,2024-07-12,Chainlink,10000
ETHGlobal Brussels,brussels,2024-07-12,Hyperlane,10000
ETHGlobal Brussels,brussels,2024-07-12,Base,10000
ETHGlobal Brussels,brussels,2024-07-12,Morph,10000
ETHGlobal Brussels,brussels,2024-07-12,Circle,10000
ETHGlobal Brussels,brussels,2024-07-12,Zerion,10000
ETHGlobal Brussels,brussels,2024-07-12,Galadriel,10000
ETHGlobal Brussels,brussels,2024-07-12,Rootstock,10000
ETHGlobal Brussels,brussels,2024-07-12,Scroll,10000
ETHGlobal Brussels,brussels,2024-07-12,Web3Auth,10000
ETHGlobal Brussels,brussels,2024-07-12,Ethereum Foundation,6713
ETHGlobal Brussels,brussels,2024-07-12,Fhenix,5000
ETHGlobal Brussels,brussels,2024-07-12,Nillion,5000
ETHGlobal Brussels,brussels,2024-07-12,INTMAX,5000
ETHGlobal Brussels,brussels,2024-07-12,WalletConnect,5000
ETHGlobal Brussels,brussels,2024-07-12,MetaMask &amp; Linea,5000
ETHGlobal Brussels,brussels,2024-07-12,NounsDAO,5000
ETHGlobal Brussels,brussels,2024-07-12,Vara,5000
ETHGlobal Brussels,brussels,2024-07-12,1inch,4500
ETHGlobal Brussels,brussels,2024-07-12,Circles,4000
ETHGlobal Brussels,brussels,2024-07-12,Neon EVM,1500
ETHGlobal Brussels,brussels,2024-07-12,Privy,1000
StarkHack,starkhack,2024-06-13,Starkware,50000
StarkHack,starkhack,2024-06-13,Starknet Foundation,25000
StarkHack,starkhack,2024-06-13,Cartridge,15000
StarkHack,starkhack,2024-06-13,Voyager,6000
StarkHack,starkhack,2024-06-13,Dynamic,5000
StarkHack,starkhack,2024-06-13,Token Flow,5000
StarkHack,starkhack,2024-06-13,Herodotus,5000
StarkHack,starkhack,2024-06-13,Nethermind,4000
StarkHack,starkhack,2024-06-13,Argent,3000
HackFS 2024,hackfs2024,2024-06-07,Filecoin,40000
HackFS 2024,hackfs2024,2024-06-07,Galadriel,10000
HackFS 2024,hackfs2024,2024-06-07,Lit Protocol,10000
HackFS 2024,hackfs2024,2024-06-07,Fluence,10000
HackFS 2024,hackfs2024,2024-06-07,Mona,10000
HackFS 2024,hackfs2024,2024-06-07,Lilypad,5500
HackFS 2024,hackfs2024,2024-06-07,Huddle01,5000
HackFS 2024,hackfs2024,2024-06-07,Powerloom,5000
HackFS 2024,hackfs2024,2024-06-07,ENS,5000
HackFS 2024,hackfs2024,2024-06-07,Squid Router,5000
HackFS 2024,hackfs2024,2024-06-07,Zondax,5000
HackFS 2024,hackfs2024,2024-06-07,WeatherXM,5000
HackFS 2024,hackfs2024,2024-06-07,Starknet,5000
HackFS 2024,hackfs2024,2024-06-07,CoopHive,5000
HackFS 2024,hackfs2024,2024-06-07,Fleek,5000
HackFS 2024,hackfs2024,2024-06-07,Chainsafe,2500
ETHGlobal Sydney,sydney,2024-05-03,Worldcoin,20000
ETHGlobal Sydney,sydney,2024-05-03,Unlimit,10000
ETHGlobal Sydney,sydney,2024-05-03,Chainlink,10000
ETHGlobal Sydney,sydney,2024-05-03,Mantle,10000
ETHGlobal Sydney,sydney,2024-05-03,Nethermind,5000
ETHGlobal Sydney,sydney,2024-05-03,Base,5000
ETHGlobal Sydney,sydney,2024-05-03,NounsDAO,5000
ETHGlobal Sydney,sydney,2024-05-03,dabl.club,5000
ETHGlobal Sydney,sydney,2024-05-03,Openmesh Network,2500
ETHGlobal Sydney,sydney,2024-05-03,Avail,2000
ETHGlobal Sydney,sydney,2024-05-03,Lilypad,2000
Scaling Ethereum 2024,scaling2024,2024-04-05,Arbitrum,20000
Scaling Ethereum 2024,scaling2024,2024-04-05,Sign Protocol,20000
Scaling Ethereum 2024,scaling2024,2024-04-05,Filecoin,12500
Scaling Ethereum 2024,scaling2024,2024-04-05,Gnosis Chain,11000
Scaling Ethereum 2024,scaling2024,2024-04-05,RISC Zero,10000
Scaling Ethereum 2024,scaling2024,2024-04-05,Nillion,5000
Scaling Ethereum 2024,scaling2024,2024-04-05,Neon EVM,5000
Scaling Ethereum 2024,scaling2024,2024-04-05,PowerLoom,5000
Scaling Ethereum 2024,scaling2024,2024-04-05,Morph,5000
Scaling Ethereum 2024,scaling2024,2024-04-05,Avail,4000
Scaling Ethereum 2024,scaling2024,2024-04-05,Witness,1000
Scaling Ethereum 2024,scaling2024,2024-04-05,Curvegrid,1000
Frameworks,frameworks,2024-03-22,Pinata,10000
Frameworks,frameworks,2024-03-22,XMTP,7400
Frameworks,frameworks,2024-03-22,Base,5000
Frameworks,frameworks,2024-03-22,Bountycaster,5000
Frameworks,frameworks,2024-03-22,Optimism,5000
Frameworks,frameworks,2024-03-22,Dynamic,5000
Frameworks,frameworks,2024-03-22,Livepeer,5000
Frameworks,frameworks,2024-03-22,The Graph,5000
Frameworks,frameworks,2024-03-22,frames.js,4269
Frameworks,frameworks,2024-03-22,Privy,4000
Frameworks,frameworks,2024-03-22,Airstack,3500
Frameworks,frameworks,2024-03-22,Karma3Labs,3500
Frameworks,frameworks,2024-03-22,Neynar,1
ETHGlobal London,london2024,2024-03-15,Nethermind,20000
ETHGlobal London,london2024,2024-03-15,Worldcoin,20000
ETHGlobal London,london2024,2024-03-15,Arbitrum,20000
ETHGlobal London,london2024,2024-03-15,Chiliz,20000
ETHGlobal London,london2024,2024-03-15,Filecoin,20000
ETHGlobal London,london2024,2024-03-15,Circle,10000
ETHGlobal London,london2024,2024-03-15,Safe,10000
ETHGlobal London,london2024,2024-03-15,NEAR Protocol,10000
ETHGlobal London,london2024,2024-03-15,Gnosis,10000
ETHGlobal London,london2024,2024-03-15,ENS,10000
ETHGlobal London,london2024,2024-03-15,Hyperlane,10000
ETHGlobal London,london2024,2024-03-15,ApeCoin,10000
ETHGlobal London,london2024,2024-03-15,Celo,10000
ETHGlobal London,london2024,2024-03-15,Uniswap Foundation,10000
ETHGlobal London,london2024,2024-03-15,Base,10000
ETHGlobal London,london2024,2024-03-15,Dynamic,6000
ETHGlobal London,london2024,2024-03-15,Ethereum Foundation,6000
ETHGlobal London,london2024,2024-03-15,LayerZero,5000
ETHGlobal London,london2024,2024-03-15,Fhenix,5000
ETHGlobal London,london2024,2024-03-15,Aztec,5000
ETHGlobal London,london2024,2024-03-15,Avail,5000
ETHGlobal London,london2024,2024-03-15,Chainlink,5000
ETHGlobal London,london2024,2024-03-15,Flashbots,5000
ETHGlobal London,london2024,2024-03-15,Galadriel,5000
ETHGlobal London,london2024,2024-03-15,PancakeSwap,3000
ETHGlobal London,london2024,2024-03-15,Morpho Labs,1000
Circuit Breaker,circuitbreaker,2024-02-02,Scroll,10000
Circuit Breaker,circuitbreaker,2024-02-02,Iron Fish,5000
Circuit Breaker,circuitbreaker,2024-02-02,Aztec,5000
Circuit Breaker,circuitbreaker,2024-02-02,Sindri,5000
Circuit Breaker,circuitbreaker,2024-02-02,Privacy + Scaling Explorations,5000
Circuit Breaker,circuitbreaker,2024-02-02,Avail,5000
LFGHO,lfgho,2024-01-12,Aave,50000
LFGHO,lfgho,2024-01-12,Chainlink,5000
LFGHO,lfgho,2024-01-12,Family,5000
ETHGlobal Istanbul,istanbul,2023-11-17,Mina Protocol,20000
ETHGlobal Istanbul,istanbul,2023-11-17,1inch Network,20000
ETHGlobal Istanbul,istanbul,2023-11-17,Arbitrum,20000
ETHGlobal Istanbul,istanbul,2023-11-17,Spark,20000
ETHGlobal Istanbul,istanbul,2023-11-17,WalletConnect,20000
ETHGlobal Istanbul,istanbul,2023-11-17,Worldcoin,20000
ETHGlobal Istanbul,istanbul,2023-11-17,Lens Protocol,20000
ETHGlobal Istanbul,istanbul,2023-11-17,Polygon,20000
ETHGlobal Istanbul,istanbul,2023-11-17,IPFS &amp; Filecoin,20000
ETHGlobal Istanbul,istanbul,2023-11-17,Chiliz,20000
ETHGlobal Istanbul,istanbul,2023-11-17,MetaMask,19000
ETHGlobal Istanbul,istanbul,2023-11-17,Scroll,17000
ETHGlobal Istanbul,istanbul,2023-11-17,Gnosis Chain,12000
ETHGlobal Istanbul,istanbul,2023-11-17,Flashbots,10002
ETHGlobal Istanbul,istanbul,2023-11-17,Safe,10000
ETHGlobal Istanbul,istanbul,2023-11-17,NEAR Protocol,10000
ETHGlobal Istanbul,istanbul,2023-11-17,UNLIMIT,10000
ETHGlobal Istanbul,istanbul,2023-11-17,Chronicle Protocol,10000
ETHGlobal Istanbul,istanbul,2023-11-17,Cartesi,10000
ETHGlobal Istanbul,istanbul,2023-11-17,zkSync,10000
ETHGlobal Istanbul,istanbul,2023-11-17,Aave Grants DAO,10000
ETHGlobal Istanbul,istanbul,2023-11-17,Starknet,10000
ETHGlobal Istanbul,istanbul,2023-11-17,Push Protocol,10000
ETHGlobal Istanbul,istanbul,2023-11-17,UMA,10000
ETHGlobal Istanbul,istanbul,2023-11-17,ENS,10000
ETHGlobal Istanbul,istanbul,2023-11-17,CELO,10000
ETHGlobal Istanbul,istanbul,2023-11-17,Mantle,10000
ETHGlobal Istanbul,istanbul,2023-11-17,Chainlink,10000
ETHGlobal Istanbul,istanbul,2023-11-17,Axiom,10000
ETHGlobal Istanbul,istanbul,2023-11-17,ApeCoin DAO,10000
ETHGlobal Istanbul,istanbul,2023-11-17,API3,10000
ETHGlobal Istanbul,istanbul,2023-11-17,Aleo,10000
ETHGlobal Istanbul,istanbul,2023-11-17,XDC Network,10000
ETHGlobal Istanbul,istanbul,2023-11-17,Base,10000
ETHGlobal Istanbul,istanbul,2023-11-17,Waku,10000
ETHGlobal Istanbul,istanbul,2023-11-17,CoW Protocol,9400
ETHGlobal Istanbul,istanbul,2023-11-17,Mask Network,9000
ETHGlobal Istanbul,istanbul,2023-11-17,Gearbox,9000
ETHGlobal Istanbul,istanbul,2023-11-17,Celestia,8000
ETHGlobal Istanbul,istanbul,2023-11-17,The Graph,7500
ETHGlobal Istanbul,istanbul,2023-11-17,Neon EVM,7000
ETHGlobal Istanbul,istanbul,2023-11-17,Hyperlane,6000
ETHGlobal Istanbul,istanbul,2023-11-17,Ethereum Foundation,5000
ETHGlobal Istanbul,istanbul,2023-11-17,Ethereum Attestation Service,5000
ETHGlobal Istanbul,istanbul,2023-11-17,Threshold Network,5000
ETHGlobal Istanbul,istanbul,2023-11-17,Aztec,5000
ETHGlobal Istanbul,istanbul,2023-11-17,Curvegrid,5000
ETHGlobal Istanbul,istanbul,2023-11-17,Certora,5000
ETHGlobal Istanbul,istanbul,2023-11-17,Arx,5000
ETHGlobal Istanbul,istanbul,2023-11-17,UNICEF Innovation,4000
ETHOnline 2023,ethonline2023,2023-10-06,Spark,20000
ETHOnline 2023,ethonline2023,2023-10-06,Scroll,20000
ETHOnline 2023,ethonline2023,2023-10-06,Mask Network,10000
ETHOnline 2023,ethonline2023,2023-10-06,Safe,10000
ETHOnline 2023,ethonline2023,2023-10-06,Hyperlane,10000
ETHOnline 2023,ethonline2023,2023-10-06,Polygon,10000
ETHOnline 2023,ethonline2023,2023-10-06,Filecoin,10000
ETHOnline 2023,ethonline2023,2023-10-06,UMA,10000
ETHOnline 2023,ethonline2023,2023-10-06,Mantle,10000
ETHOnline 2023,ethonline2023,2023-10-06,ApeCoin,10000
ETHOnline 2023,ethonline2023,2023-10-06,Wormhole,10000
ETHOnline 2023,ethonline2023,2023-10-06,Sismo,5000
ETHOnline 2023,ethonline2023,2023-10-06,Connext,5000
ETHOnline 2023,ethonline2023,2023-10-06,Axelar,5000
ETHOnline 2023,ethonline2023,2023-10-06,Compound Grants,5000
ETHOnline 2023,ethonline2023,2023-10-06,Chainlink,5000
ETHOnline 2023,ethonline2023,2023-10-06,Lit Protocol,5000
ETHOnline 2023,ethonline2023,2023-10-06,The Graph,5000
ETHOnline 2023,ethonline2023,2023-10-06,Push Protocol,5000
ETHOnline 2023,ethonline2023,2023-10-06,XMTP,5000
ETHOnline 2023,ethonline2023,2023-10-06,Uniswap Foundation,5000
ETHOnline 2023,ethonline2023,2023-10-06,Tableland,5000
ETHOnline 2023,ethonline2023,2023-10-06,Cometh,5000
ETHOnline 2023,ethonline2023,2023-10-06,Aztec,4000
ETHGlobal New York,newyork2023,2023-09-22,1inch,20000
ETHGlobal New York,newyork2023,2023-09-22,WalletConnect,20000
ETHGlobal New York,newyork2023,2023-09-22,Gnosis Chain,20000
ETHGlobal New York,newyork2023,2023-09-22,Worldcoin,20000
ETHGlobal New York,newyork2023,2023-09-22,Polygon,20000
ETHGlobal New York,newyork2023,2023-09-22,IPFS / Filecoin,20000
ETHGlobal New York,newyork2023,2023-09-22,Uniswap Foundation,20000
ETHGlobal New York,newyork2023,2023-09-22,Arbitrum,20000
ETHGlobal New York,newyork2023,2023-09-22,Scroll,16000
ETHGlobal New York,newyork2023,2023-09-22,Aave Grants DAO,10000
ETHGlobal New York,newyork2023,2023-09-22,Lens Protocol,10000
ETHGlobal New York,newyork2023,2023-09-22,Airstack,10000
ETHGlobal New York,newyork2023,2023-09-22,Next.ID,10000
ETHGlobal New York,newyork2023,2023-09-22,NEAR Protocol,10000
ETHGlobal New York,newyork2023,2023-09-22,UNLIMIT,10000
ETHGlobal New York,newyork2023,2023-09-22,Cartesi,10000
ETHGlobal New York,newyork2023,2023-09-22,ENS,10000
ETHGlobal New York,newyork2023,2023-09-22,Neon EVM,10000
ETHGlobal New York,newyork2023,2023-09-22,Safe,10000
ETHGlobal New York,newyork2023,2023-09-22,Hyperlane,10000
ETHGlobal New York,newyork2023,2023-09-22,Biconomy,10000
ETHGlobal New York,newyork2023,2023-09-22,Starknet,10000
ETHGlobal New York,newyork2023,2023-09-22,UMA,10000
ETHGlobal New York,newyork2023,2023-09-22,Celo,10000
ETHGlobal New York,newyork2023,2023-09-22,XMTP,10000
ETHGlobal New York,newyork2023,2023-09-22,MetaMask,10000
ETHGlobal New York,newyork2023,2023-09-22,Mantle,10000
ETHGlobal New York,newyork2023,2023-09-22,XDC Foundation,10000
ETHGlobal New York,newyork2023,2023-09-22,Axiom,10000
ETHGlobal New York,newyork2023,2023-09-22,ApeCoin,10000
ETHGlobal New York,newyork2023,2023-09-22,Base,10000
ETHGlobal New York,newyork2023,2023-09-22,The Graph,7500
ETHGlobal New York,newyork2023,2023-09-22,Privy,5000
ETHGlobal New York,newyork2023,2023-09-22,Sunscreen,5000
ETHGlobal New York,newyork2023,2023-09-22,Axelar,5000
ETHGlobal New York,newyork2023,2023-09-22,Alliance,5000
ETHGlobal New York,newyork2023,2023-09-22,QuickNode,5000
ETHGlobal New York,newyork2023,2023-09-22,Fuel Network,5000
ETHGlobal New York,newyork2023,2023-09-22,Compound Grants,5000
ETHGlobal New York,newyork2023,2023-09-22,Unlock Protocol,5000
ETHGlobal New York,newyork2023,2023-09-22,Lit Protocol,5000
ETHGlobal New York,newyork2023,2023-09-22,Mona,5000
ETHGlobal New York,newyork2023,2023-09-22,Ethereum Foundation,5000
ETHGlobal New York,newyork2023,2023-09-22,Aleo,5000
ETHGlobal New York,newyork2023,2023-09-22,Flashbots,5000
Superhack,superhack,2023-08-04,Optimism,24000
Superhack,superhack,2023-08-04,Base,20000
Superhack,superhack,2023-08-04,Worldcoin,20000
Superhack,superhack,2023-08-04,Zora,20000
Superhack,superhack,2023-08-04,Chainlink,10000
Superhack,superhack,2023-08-04,Hyperlane,10000
Superhack,superhack,2023-08-04,LayerZero,10000
Superhack,superhack,2023-08-04,Mode Network,10000
Superhack,superhack,2023-08-04,The Graph,5000
Superhack,superhack,2023-08-04,Covalent,5000
Superhack,superhack,2023-08-04,Safe,5000
Superhack,superhack,2023-08-04,Ethereum Attestation Service,5000
ETHGlobal Paris,paris2023,2023-07-21,Mina Protocol,20000
ETHGlobal Paris,paris2023,2023-07-21,MetaMask,20000
ETHGlobal Paris,paris2023,2023-07-21,Gnosis Chain,20000
ETHGlobal Paris,paris2023,2023-07-21,1inch Network,20000
ETHGlobal Paris,paris2023,2023-07-21,WalletConnect,20000
ETHGlobal Paris,paris2023,2023-07-21,Filecoin,20000
ETHGlobal Paris,paris2023,2023-07-21,Polygon,20000
ETHGlobal Paris,paris2023,2023-07-21,Worldcoin,20000
ETHGlobal Paris,paris2023,2023-07-21,MakerDAO,20000
ETHGlobal Paris,paris2023,2023-07-21,Airstack,10000
ETHGlobal Paris,paris2023,2023-07-21,Hyperlane,10000
ETHGlobal Paris,paris2023,2023-07-21,zkBob,10000
ETHGlobal Paris,paris2023,2023-07-21,Cartesi,10000
ETHGlobal Paris,paris2023,2023-07-21,zkSync,10000
ETHGlobal Paris,paris2023,2023-07-21,XMTP,10000
ETHGlobal Paris,paris2023,2023-07-21,Celo,10000
ETHGlobal Paris,paris2023,2023-07-21,UMA,10000
ETHGlobal Paris,paris2023,2023-07-21,Starknet,10000
ETHGlobal Paris,paris2023,2023-07-21,Biconomy,10000
ETHGlobal Paris,paris2023,2023-07-21,Push Protocol,10000
ETHGlobal Paris,paris2023,2023-07-21,Ethereum Attestation Service,10000
ETHGlobal Paris,paris2023,2023-07-21,Chainlink,10000
ETHGlobal Paris,paris2023,2023-07-21,ZetaChain,10000
ETHGlobal Paris,paris2023,2023-07-21,Next.ID,10000
ETHGlobal Paris,paris2023,2023-07-21,Safe,10000
ETHGlobal Paris,paris2023,2023-07-21,Sismo,10000
ETHGlobal Paris,paris2023,2023-07-21,NEAR Protocol,10000
ETHGlobal Paris,paris2023,2023-07-21,ApeCoin,10000
ETHGlobal Paris,paris2023,2023-07-21,Ethereum Foundation,10000
ETHGlobal Paris,paris2023,2023-07-21,Mantle,10000
ETHGlobal Paris,paris2023,2023-07-21,The Graph,7500
ETHGlobal Paris,paris2023,2023-07-21,Neon EVM,6500
ETHGlobal Paris,paris2023,2023-07-21,QuickNode,5000
ETHGlobal Paris,paris2023,2023-07-21,Lit Protocol,5000
ETHGlobal Paris,paris2023,2023-07-21,Aragon,5000
ETHGlobal Paris,paris2023,2023-07-21,Dfns,5000
ETHGlobal Paris,paris2023,2023-07-21,Axelar,5000
ETHGlobal Paris,paris2023,2023-07-21,Flashbots,5000
ETHGlobal Waterloo,waterloo2023,2023-06-23,Gnosis Chain,20000
ETHGlobal Waterloo,waterloo2023,2023-06-23,Worldcoin,20000
ETHGlobal Waterloo,waterloo2023,2023-06-23,Airstack,10000
ETHGlobal Waterloo,waterloo2023,2023-06-23,Hyperlane,10000
ETHGlobal Waterloo,waterloo2023,2023-06-23,UMA,10000
ETHGlobal Waterloo,waterloo2023,2023-06-23,Filecoin,10000
ETHGlobal Waterloo,waterloo2023,2023-06-23,Polygon,10000
ETHGlobal Waterloo,waterloo2023,2023-06-23,XDC Foundation,10000
ETHGlobal Waterloo,waterloo2023,2023-06-23,ApeCoin DAO,10000
ETHGlobal Waterloo,waterloo2023,2023-06-23,Sismo,10000
ETHGlobal Waterloo,waterloo2023,2023-06-23,NEAR Protocol,10000
ETHGlobal Waterloo,waterloo2023,2023-06-23,DELV,7500
ETHGlobal Waterloo,waterloo2023,2023-06-23,The Graph,7500
ETHGlobal Waterloo,waterloo2023,2023-06-23,Unlock Protocol,5000
ETHGlobal Waterloo,waterloo2023,2023-06-23,Compound Grants Program,5000
ETHGlobal Waterloo,waterloo2023,2023-06-23,MetaMask,5000
ETHGlobal Waterloo,waterloo2023,2023-06-23,QuickNode,5000
ETHGlobal Waterloo,waterloo2023,2023-06-23,XMTP,5000
ETHGlobal Waterloo,waterloo2023,2023-06-23,Lit Protocol,5000
ETHGlobal Waterloo,waterloo2023,2023-06-23,MakerDAO,5000
ETHGlobal Waterloo,waterloo2023,2023-06-23,Quantstamp,5000
ETHGlobal Waterloo,waterloo2023,2023-06-23,unshETH.xyz,5000
ETHGlobal Waterloo,waterloo2023,2023-06-23,Ethereum Attestation Service,5000
ETHGlobal Waterloo,waterloo2023,2023-06-23,Risc Zero,5000
ETHGlobal Waterloo,waterloo2023,2023-06-23,Highlight,5000
HackFS 2023,hackfs2023,2023-06-02,Filecoin,22000
HackFS 2023,hackfs2023,2023-06-02,Bacalhau,12000
HackFS 2023,hackfs2023,2023-06-02,ApeCoin,10000
HackFS 2023,hackfs2023,2023-06-02,Ceramic,5000
HackFS 2023,hackfs2023,2023-06-02,Tableland,5000
HackFS 2023,hackfs2023,2023-06-02,Polybase,5000
HackFS 2023,hackfs2023,2023-06-02,Livepeer,5000
HackFS 2023,hackfs2023,2023-06-02,Huddle01,5000
HackFS 2023,hackfs2023,2023-06-02,Push Protocol,5000
HackFS 2023,hackfs2023,2023-06-02,ENS,5000
HackFS 2023,hackfs2023,2023-06-02,Spheron,5000
HackFS 2023,hackfs2023,2023-06-02,Lit Protocol,5000
HackFS 2023,hackfs2023,2023-06-02,DataverseOS,5000
HackFS 2023,hackfs2023,2023-06-02,IPFS,5000
HackFS 2023,hackfs2023,2023-06-02,libp2p,5000
HackFS 2023,hackfs2023,2023-06-02,Consensus Lab,5000
HackFS 2023,hackfs2023,2023-06-02,Saturn,5000
HackFS 2023,hackfs2023,2023-06-02,Chainsafe,3500
HackFS 2023,hackfs2023,2023-06-02,nft.storage,3000
HackFS 2023,hackfs2023,2023-06-02,Mona,3000
HackFS 2023,hackfs2023,2023-06-02,Estuary,3000
HackFS 2023,hackfs2023,2023-06-02,Lighthouse Storage,2500
HackFS 2023,hackfs2023,2023-06-02,drand,2000
HackFS 2023,hackfs2023,2023-06-02,Beryx,1500
HackFS 2023,hackfs2023,2023-06-02,Fission,1000
Autonomous Worlds,autonomous,2023-05-18,Optimism,10000
Autonomous Worlds,autonomous,2023-05-18,0xPARC,5000
Autonomous Worlds,autonomous,2023-05-18,Lattice,5000
Autonomous Worlds,autonomous,2023-05-18,NFT.Storage,5000
ETHGlobal Lisbon,lisbon,2023-05-12,1inch Network,20000
ETHGlobal Lisbon,lisbon,2023-05-12,Gnosis Chain,20000
ETHGlobal Lisbon,lisbon,2023-05-12,Polygon,20000
ETHGlobal Lisbon,lisbon,2023-05-12,Worldcoin,20000
ETHGlobal Lisbon,lisbon,2023-05-12,Optimism,20000
ETHGlobal Lisbon,lisbon,2023-05-12,Aave Grants DAO,10000
ETHGlobal Lisbon,lisbon,2023-05-12,Uniswap Foundation,10000
ETHGlobal Lisbon,lisbon,2023-05-12,Lens Protocol,10000
ETHGlobal Lisbon,lisbon,2023-05-12,Filecoin &amp; IPFS,10000
ETHGlobal Lisbon,lisbon,2023-05-12,MetaMask,10000
ETHGlobal Lisbon,lisbon,2023-05-12,UMA,10000
ETHGlobal Lisbon,lisbon,2023-05-12,Cartesi,10000
ETHGlobal Lisbon,lisbon,2023-05-12,Ethereum Foundation,10000
ETHGlobal Lisbon,lisbon,2023-05-12,Airstack,10000
ETHGlobal Lisbon,lisbon,2023-05-12,Safe,10000
ETHGlobal Lisbon,lisbon,2023-05-12,zkBob,10000
ETHGlobal Lisbon,lisbon,2023-05-12,ApeCoin,10000
ETHGlobal Lisbon,lisbon,2023-05-12,The Graph,7500
ETHGlobal Lisbon,lisbon,2023-05-12,Fuel,7000
ETHGlobal Lisbon,lisbon,2023-05-12,Sismo,5000
ETHGlobal Lisbon,lisbon,2023-05-12,Neon EVM,5000
ETHGlobal Lisbon,lisbon,2023-05-12,Scroll,5000
ETHGlobal Lisbon,lisbon,2023-05-12,Chainlink,5000
ETHGlobal Lisbon,lisbon,2023-05-12,Mantle,5000
ETHGlobal Tokyo,tokyo,2023-04-14,Ethereum Foundation,20000
ETHGlobal Tokyo,tokyo,2023-04-14,1inch,20000
ETHGlobal Tokyo,tokyo,2023-04-14,Gnosis Chain,20000
ETHGlobal Tokyo,tokyo,2023-04-14,Taiko,20000
ETHGlobal Tokyo,tokyo,2023-04-14,Lens Protocol,20000
ETHGlobal Tokyo,tokyo,2023-04-14,Mina Protocol,20000
ETHGlobal Tokyo,tokyo,2023-04-14,Polygon,20000
ETHGlobal Tokyo,tokyo,2023-04-14,Worldcoin,20000
ETHGlobal Tokyo,tokyo,2023-04-14,MetaMask,15000
ETHGlobal Tokyo,tokyo,2023-04-14,Airstack,10000
ETHGlobal Tokyo,tokyo,2023-04-14,Hyperlane,10000
ETHGlobal Tokyo,tokyo,2023-04-14,Aave Grants DAO,10000
ETHGlobal Tokyo,tokyo,2023-04-14,Safe,10000
ETHGlobal Tokyo,tokyo,2023-04-14,UMA &amp; Across,10000
ETHGlobal Tokyo,tokyo,2023-04-14,ApeCoin,10000
ETHGlobal Tokyo,tokyo,2023-04-14,Celo,10000
ETHGlobal Tokyo,tokyo,2023-04-14,IPFS &amp; Filecoin,10000
ETHGlobal Tokyo,tokyo,2023-04-14,zkBob,10000
ETHGlobal Tokyo,tokyo,2023-04-14,The Graph,7500
ETHGlobal Tokyo,tokyo,2023-04-14,Superfluid,5000
ETHGlobal Tokyo,tokyo,2023-04-14,Secured Finance,5000
ETHGlobal Tokyo,tokyo,2023-04-14,Lit Protocol,5000
ETHGlobal Tokyo,tokyo,2023-04-14,Mantle,5000
ETHGlobal Tokyo,tokyo,2023-04-14,Huddle01,5000
ETHGlobal Tokyo,tokyo,2023-04-14,Push Protocol,5000
ETHGlobal Tokyo,tokyo,2023-04-14,QuickNode,5000
ETHGlobal Tokyo,tokyo,2023-04-14,Intmax,5000
ETHGlobal Tokyo,tokyo,2023-04-14,Bunzz,5000
ETHGlobal Tokyo,tokyo,2023-04-14,Uniswap Foundation,5000
ETHGlobal Tokyo,tokyo,2023-04-14,Sismo,5000
ETHGlobal Tokyo,tokyo,2023-04-14,Livepeer,5000
ETHGlobal Tokyo,tokyo,2023-04-14,Quantstamp,5000
ETHGlobal Tokyo,tokyo,2023-04-14,Scroll,5000
ETHGlobal Tokyo,tokyo,2023-04-14,NETH,5000
ETHGlobal Tokyo,tokyo,2023-04-14,Reazon Holdings,5000
ETHGlobal Tokyo,tokyo,2023-04-14,Curvegrid,2000
Scaling Ethereum 2023,scaling2023,2023-03-10,Optimism,25000
Scaling Ethereum 2023,scaling2023,2023-03-10,Gnosis Chain,20000
Scaling Ethereum 2023,scaling2023,2023-03-10,Scroll,20000
Scaling Ethereum 2023,scaling2023,2023-03-10,Polygon,20000
Scaling Ethereum 2023,scaling2023,2023-03-10,Hyperlane,10000
Scaling Ethereum 2023,scaling2023,2023-03-10,UMA,10000
Scaling Ethereum 2023,scaling2023,2023-03-10,IPFS &amp; Filecoin,10000
Scaling Ethereum 2023,scaling2023,2023-03-10,ApeCoin,10000
Scaling Ethereum 2023,scaling2023,2023-03-10,Fuel,7000
Scaling Ethereum 2023,scaling2023,2023-03-10,Connext,5000
Scaling Ethereum 2023,scaling2023,2023-03-10,Polybase,5000
Scaling Ethereum 2023,scaling2023,2023-03-10,zkSync,5000
Scaling Ethereum 2023,scaling2023,2023-03-10,Taiko,5000
Scaling Ethereum 2023,scaling2023,2023-03-10,Push Protocol,5000
Scaling Ethereum 2023,scaling2023,2023-03-10,Mantle,5000
Scaling Ethereum 2023,scaling2023,2023-03-10,Intmax,5000
Scaling Ethereum 2023,scaling2023,2023-03-10,The Graph,5000
FVM Space Warp,spacewarp,2023-02-10,Filecoin,30000
FVM Space Warp,spacewarp,2023-02-10,Lighthouse,2500
FVM Space Warp,spacewarp,2023-02-10,Livepeer,2000
FVM Space Warp,spacewarp,2023-02-10,"GRAPHENE 01, INC.",2000
FVM Space Warp,spacewarp,2023-02-10,Push Protocol,2000
FVM Space Warp,spacewarp,2023-02-10,Spheron,2000
